[
  {
    "id": 0,
    "name": "young adult",
    "type": "fiction"
  },
  {
    "id": 1,
    "name": "classics",
    "type": "fiction"
  },
  {
    "id": 2,
    "name": "fantasy",
    "type": "fiction"
  },
  {
    "id": 3,
    "name": "mystery",
    "type": "fiction"
  },
  {
    "id": 4,
    "name": "sci-fi",
    "type": "fiction"
  },
  {
    "id": 5,
    "name": "thriller",
    "type": "fiction"
  },
  {
    "id": 6,
    "name": "historical",
    "type": "fiction"
  },
  {
    "id": 7,
    "name": "children",
    "type": "fiction"
  },
  {
    "id": 8,
    "name": "memoir",
    "type": "nonfiction"
  },
  {
    "id": 9,
    "name": "poetry",
    "type": "fiction"
  },
  {
    "id": 10,
    "name": "fiction",
    "type": "fiction"
  },
  {
    "id": 11,
    "name": "nonfiction",
    "type": "nonfiction"
  },
  {
    "id": 12,
    "name": "biography",
    "type": "nonfiction"
  },
  {
    "id": 13,
    "name": "science",
    "type": "nonfiction"
  },
  {
    "id": 14,
    "name": "erotica",
    "type": "fiction"
  },
  {
    "id": 15,
    "name": "humor",
    "type": "nonfiction"
  },
  {
    "id": 16,
    "name": "education",
    "type": "nonfiction"
  },
  {
    "id": 17,
    "name": "plays",
    "type": "fiction"
  },
  {
    "id": 18,
    "name": "horror",
    "type": "fiction"
  },
  {
    "id": 19,
    "name": "romance",
    "type": "fiction"
  },
  {
    "id": 20,
    "name": "christian",
    "type": "fiction"
  },
  {
    "id": 21,
    "name": "graphic-novels",
    "type": "fiction"
  },
  {
    "id": 22,
    "name": "contemporary",
    "type": "fiction"
  },
  {
    "id": 23,
    "name": "self-help",
    "type": "nonfiction"
  },
  {
    "id": 24,
    "name": "travel",
    "type": "fiction"
  },
  {
    "id": 25,
    "name": "business",
    "type": "nonfiction"
  },
  {
    "id": 26,
    "name": "history",
    "type": "nonfiction"
  },
  {
    "id": 27,
    "name": "international",
    "type": "fiction"
  },
  {
    "id": 28,
    "name": "psychology",
    "type": "nonfiction"
  },
  {
    "id": 29,
    "name": "food",
    "type": "nonfiction"
  },
  {
    "id": 30,
    "name": "philosophy",
    "type": "nonfiction"
  },
  {
    "id": 31,
    "name": "picture-books",
    "type": "fiction"
  },
  {
    "id": 32,
    "name": "comics",
    "type": "fiction"
  },
  {
    "id": 33,
    "name": "art",
    "type": "fiction"
  },
  {
    "id": 34,
    "name": "manga",
    "type": "fiction"
  },
  {
    "id": 35,
    "name": "dystopian",
    "type": "fiction"
  },
  {
    "id": 36,
    "name": "running",
    "type": "nonfiction"
  },
  {
    "id": 37,
    "name": "politics",
    "type": "nonfiction"
  },
  {
    "id": 38,
    "name": "writing",
    "type": "nonfiction"
  },
  {
    "id": 39,
    "name": "spirituality",
    "type": "nonfiction"
  },
  {
    "id": 40,
    "name": "western",
    "type": "fiction"
  },
  {
    "id": 41,
    "name": "drama",
    "type": "fiction"
  },
  {
    "id": 42,
    "name": "cookbooks",
    "type": "nonfiction"
  },
  {
    "id": 43,
    "name": "short-stories",
    "type": "fiction"
  },
  {
    "id": 44,
    "name": "animals",
    "type": "nonfiction"
  },
  {
    "id": 45,
    "name": "noir",
    "type": "fiction"
  },
  {
    "id": 46,
    "name": "religion",
    "type": "nonfiction"
  },
  {
    "id": 47,
    "name": "feminism",
    "type": "nonfiction"
  },
  {
    "id": 48,
    "name": "sports",
    "type": "nonfiction"
  },
  {
    "id": 49,
    "name": "economics",
    "type": "nonfiction"
  },
  {
    "id": 50,
    "name": "military",
    "type": "fiction"
  },
  {
    "id": 51,
    "name": "medicine",
    "type": "nonfiction"
  },
  {
    "id": 52,
    "name": "parenting",
    "type": "nonfiction"
  },
  {
    "id": 53,
    "name": "music",
    "type": "nonfiction"
  },
  {
    "id": 54,
    "name": "fairy-tales",
    "type": "fiction"
  },
  {
    "id": 55,
    "name": "finance",
    "type": "nonfiction"
  },
  {
    "id": 56,
    "name": "leadership",
    "type": "nonfiction"
  },
  {
    "id": 57,
    "name": "christmas",
    "type": "fiction"
  },
  {
    "id": 58,
    "name": "lgbt",
    "type": "fiction"
  },
  {
    "id": 59,
    "name": "steampunk",
    "type": "fiction"
  },
  {
    "id": 60,
    "name": "design",
    "type": "nonfiction"
  }
]